{"cameraMode":{"drawMode":0,"name":"Shaded","section":"Shading Mode"},"sceneLighting":false,"audioPlay":false,"sceneViewState":{"showFog":true,"showMaterialUpdate":false,"showSkybox":false,"showFlares":true,"showImageEffects":true,"showParticleSystems":true},"in2DMode":false,"pivot":{"x":-14.940999984741211,"y":7.104078769683838,"z":-14.693132400512696},"rotation":{"x":0.3648758828639984,"y":-0.002792742568999529,"z":0.0010947458213195205,"w":0.9310548305511475},"size":6.229779243469238,"orthographic":false}