{"cameraMode":{"drawMode":0,"name":"Shaded","section":"Shading Mode"},"sceneLighting":true,"audioPlay":false,"sceneViewState":{"showFog":true,"showMaterialUpdate":false,"showSkybox":true,"showFlares":true,"showImageEffects":true,"showParticleSystems":true},"in2DMode":false,"pivot":{"x":-10.9454927444458,"y":-10.32750129699707,"z":64.74467468261719},"rotation":{"x":0.1716374158859253,"y":-0.010342909023165703,"z":0.0018069508951157332,"w":0.9851127862930298},"size":109.18154907226563,"orthographic":false}